Company Name,Category,Sub-Category,Hall,LinkedIn URL
Benchmark ESG Pvt Limited India,Startup,,1,https://www.linkedin.com/company/benchmark-esg-pvt-limited/
BharatGen TIH foundation for IoT & IoE,Research,,2,https://www.linkedin.com/company/bharatgen-tih-foundation-for-iot--ioe/
CSR BOX,Corporate,Domestic,8,https://www.linkedin.com/company/csr-box/
Exotel,Corporate,Domestic,8,https://www.linkedin.com/company/exotel/
Neo4j,Corporate,International,8,https://www.linkedin.com/company/neo4j/
Airtel,Corporate,Domestic,2,https://www.linkedin.com/company/bharti-airtel/
Netweb Technologies India Ltd,Corporate,International,3,https://www.linkedin.com/company/netweb-technologies-india-ltd/
Larsen & Toubro Vyoma,Corporate,Domestic,8,https://www.linkedin.com/company/larsen--toubro-vyoma/
Intel,Corporate,International,8,https://www.linkedin.com/company/intel/
Red Hat India Pvt Ltd,Corporate,International,8,https://www.linkedin.com/company/red-hat-india/
Adobe,Corporate,International,8,https://www.linkedin.com/company/adobe/
AMD,Corporate,International,8,https://www.linkedin.com/company/amd/
Deloitte Touche Tohmatsu India LLP,Corporate,International,8,https://www.linkedin.com/company/deloitte-touche-tohmatsu-india-llp-dttillp/
Neutrinos,Corporate,Domestic,8,https://www.linkedin.com/company/neutrinos/
AISECT,Corporate,Domestic,8,https://www.linkedin.com/company/aisect/
Apolitical Group Limited,Corporate,International,8,https://www.linkedin.com/company/apolitical-group-limited/
CBS INFORMATION SYSYEMS INC,Corporate,Domestic,8,https://www.linkedin.com/company/cbs-information-sysyems/
Asus,Corporate,International,8,https://www.linkedin.com/company/asus/
Atman Cloud Consultants Pvt Lmt,Corporate,Domestic,8,https://www.linkedin.com/company/atman-cloud-consultants-pvt-lmt/
AVPN Asia,Corporate,International,8,https://www.linkedin.com/company/avpn-asia/
AI Ready School,Corporate,Domestic,8,https://www.linkedin.com/company/ai-ready-school/
BITS Pilani Hyderabad,Academia,,8,https://www.linkedin.com/company/bits-pilani-hyderabad/
Cybersecurity NexT Pvt Ltd,Corporate,Domestic,8,https://www.linkedin.com/company/cybersecurity-next/
Government of Bihar Department of IT,Government,,8,https://www.linkedin.com/company/government-of-bihar-department-of-information-technology/
Chemours,Corporate,International,9,https://www.linkedin.com/company/chemours/
Siemens Technology & Services Pvt Ltd,Corporate,Domestic,9,https://www.linkedin.com/company/siemens-technology--services/
Cisco Commerce Cisco Systems,Corporate,International,8,https://www.linkedin.com/company/cisco-commerce-cisco-systems/
Corning Technologies India Pvt Ltd,Corporate,Domestic,8,https://www.linkedin.com/company/corning-technologies-india/
DevRev.ai,Corporate,Domestic,8,https://www.linkedin.com/company/devrevai/
WIPLON - Webspiders Interweb Pvt Ltd,Corporate,Domestic,8,https://www.linkedin.com/company/wiplon--webspiders-interweb/
EDU VANTAGE Pvt Ltd,Corporate,Domestic,8,https://www.linkedin.com/company/edu-vantage/
Embassy of Switzerland,Country Pavilion,,8,https://www.linkedin.com/company/embassy-of-switzerland/
Italian Trade Agency,Country Pavilion,,8,https://www.linkedin.com/company/italian-trade-agency/
ESET,Corporate,International,8,https://www.linkedin.com/company/eset/
Eka Care,Corporate,Domestic,8,https://www.linkedin.com/company/eka-care/
Hanunnotech,Startup,,8,https://www.linkedin.com/company/hanunnotech-hanumayamma-innovations-and-technologies/
HCLSoftware,Corporate,Domestic,8,https://www.linkedin.com/company/hclsoftware/
Cygnet Infotech Pvt Ltd,Corporate,Domestic,8,https://www.linkedin.com/company/cygnet-infotech/
Netsutra,Corporate,Domestic,8,https://www.linkedin.com/company/netsutra/
Cyfuture India Pvt Ltd,Corporate,Domestic,8,https://www.linkedin.com/company/cyfuture-india/
Lexlegis.ai,Corporate,Domestic,8,https://www.linkedin.com/company/lexlegisai/
Sol9X Pvt Ltd,Startup,,8,https://www.linkedin.com/company/sol9x/
Constl Spaceworld,Corporate,Domestic,8,https://www.linkedin.com/company/constl-spaceworld/
Dr APJ Abdul Kalam Technical University Lucknow,Academia,,8,https://www.linkedin.com/company/dr-apj-abdul-kalam-technical-university-lucknow/
Railtel Corporation 0f India Limited,Corporate,Domestic,8,https://www.linkedin.com/company/railtel-corporation-0f-india-limited/
SIFY,Corporate,Domestic,8,https://www.linkedin.com/company/sify-technologies/
DDN,Corporate,Domestic,8,https://www.linkedin.com/company/ddn/
Neysa Networks Pvt Ltd,Corporate,Domestic,8,https://www.linkedin.com/company/neysa-networks/
Nugen Intelligence,Corporate,Domestic,8,https://www.linkedin.com/company/nugen-intelligence/
Rooman Technologies Pvt Ltd,Startup,,8,https://www.linkedin.com/company/rooman-technologies/
Population Council Institute,Startup,,8,https://www.linkedin.com/company/population-council-institute/
iStreet Network Ltd,Corporate,Domestic,8,https://www.linkedin.com/company/istreet-network-ltd/
Tata Consultancy Services Limited,Corporate,Domestic,15,https://www.linkedin.com/company/tata-consultancy-services-limited-tata-ai-innovation-pavilion/
Google India,Corporate,Domestic,8,https://www.linkedin.com/company/google/
Jio Intelligence,Corporate,Domestic,8,https://www.linkedin.com/company/jio-intelligence/
Yotta Data Services,Corporate,Domestic,8,https://www.linkedin.com/company/yotta-data/
Rootle Voconv Private Limited,Corporate,Domestic,15,https://www.linkedin.com/company/rootle-voconv/
Supermicro Computer Inc Taiwan,Corporate,International,15,https://www.linkedin.com/company/supermicro-computer-inc-taiwan/
Hindustan Institute of Technology and Science,Academia,,15,https://www.linkedin.com/company/hindustan-institute-of-technology-and-science/
Government of Odisha Odisha Computer Applications Centre,Government,,15,https://www.linkedin.com/company/government-of-odisha-odisha-computer-applications-centre/
SST India,Corporate,Domestic,15,https://www.linkedin.com/company/sst/
2B Innovations Technology Services Pvt Ltd,Corporate,Domestic,15,https://www.linkedin.com/company/2b-innovations-technology-services/
Pienomial Technologies Pvt Ltd,Corporate,Domestic,15,https://www.linkedin.com/company/pienomial-technologies/
CloudPe,Corporate,Domestic,15,https://www.linkedin.com/company/cloudpe/
WEKA,Corporate,International,15,https://www.linkedin.com/company/weka/
Rapifuzz Pvt Ltd,Startup,,15,https://www.linkedin.com/company/rapifuzz/
Virtual Height IT Services Pvt Ltd,Startup,,15,https://www.linkedin.com/company/virtual-height-it-services/
Meta,Corporate,Domestic,15,https://www.linkedin.com/company/meta/
Fore Solutions Pvt Ltd,Corporate,Domestic,15,https://www.linkedin.com/company/fore-solutions/
Fortinet,Corporate,International,15,https://www.linkedin.com/company/fortinet/
Codespire Solutions India Pvt Ltd,Corporate,Domestic,15,https://www.linkedin.com/company/codespire-solutions-india/
Rodic Consultants Pvt Ltd,Corporate,Domestic,15,https://www.linkedin.com/company/rodic-consultants/
Innefu Labs Limited,Corporate,Domestic,15,https://www.linkedin.com/company/innefu-labs-limited/
IBM,Corporate,International,15,https://www.linkedin.com/company/ibm/
Linkedin,Corporate,Domestic,15,https://www.linkedin.com/company/linkedin/
Ministry of Skill Development and Entrepreneurship,Government,,15,https://www.linkedin.com/company/ministry-of-skill-development-and-entrepreneurship/
Angelbot AI Pvt Ltd,Startup,,15,https://www.linkedin.com/company/angelbot-ai/
Minaions Pvt Ltd,Startup,,15,https://www.linkedin.com/company/minaions/
Kenpath technologies Pvt Ltd,Startup,,15,https://www.linkedin.com/company/kenpath-technologies/
T4G Lab,Startup,,15,https://www.linkedin.com/company/t4g-lab/
Gazelle Information Technologies,Startup,,15,https://www.linkedin.com/company/gazelle-information/
Sambanova Systems India Pvt Ltd,Startup,,15,https://www.linkedin.com/company/sambanova-systems-india/
Soket Labs Technology and Research Pvt Ltd,Startup,,15,https://www.linkedin.com/company/soket-labs-technology-and-research/
Qualcomm India Pvt Limited,Corporate,International,15,https://www.linkedin.com/company/qualcomm-india-pvt-limited/
Infosys,Corporate,Domestic,15,https://www.linkedin.com/company/infosys/
Vertiv,Corporate,Domestic,15,https://www.linkedin.com/company/vertiv/
Schneider Electric,Corporate,Domestic,15,https://www.linkedin.com/company/schneider-electric/
Cognizant Technology Solutions,Corporate,Domestic,15,https://www.linkedin.com/company/cognizant-technology/
Intellect Design Arena,Corporate,Domestic,15,https://www.linkedin.com/company/intellect-design-arena/
ServiceNow Software Development India Pvt Ltd,Corporate,Domestic,15,https://www.linkedin.com/company/servicenow-software-development-india/
Wadhwani Foundation,Research,,15,https://www.linkedin.com/company/wadhwani-foundation/
Wadhwani AI,Research,,15,https://www.linkedin.com/company/wadhwani-ai/
Accenture,Corporate,International,15,https://www.linkedin.com/company/accenture/
Accenture LearnVantage,Academia,,15,https://www.linkedin.com/company/accenture-learnvantage/
Iconova Creative Outreach Network Pvt Ltd,Corporate,Domestic,15,https://www.linkedin.com/company/iconova-creative-outreach-network/
Arista Networks,Corporate,Domestic,15,https://www.linkedin.com/company/arista-networks/
Razorpay,Corporate,International,15,https://www.linkedin.com/company/razorpay/
Plivo,Corporate,Domestic,15,https://www.linkedin.com/company/plivo/
Turiya Semiconductors Pvt Ltd,Corporate,Domestic,15,https://www.linkedin.com/company/turiya-semiconductors/
Vast Data,Corporate,International,15,https://www.linkedin.com/company/vast-data/
Xlscout Xlpat India Pvt Ltd,Corporate,Domestic,15,https://www.linkedin.com/company/xlscout-xlpat-india/
Axis My India,Corporate,Domestic,15,https://www.linkedin.com/company/axis-my/
Indian Institute of Technology Madras,Academia,,15,https://www.linkedin.com/company/indian-institute-of-technology-madras/
Galgotias University,Academia,,15,https://www.linkedin.com/company/galgotias-university/
Mirror Security Pvt Ltd,Startup,,15,https://www.linkedin.com/company/mirror-security/
Rec Limited Rural Electrification Corp Ltd,Corporate,Domestic,15,https://www.linkedin.com/company/rec-limitedrural-electrification-corp-ltd/
Coal India Limited CMPDI,Government,,15,https://www.linkedin.com/company/coal-india-limited-brcmpdi/
ParadigmIT Technology Services Pvt Ltd,Corporate,Domestic,15,https://www.linkedin.com/company/paradigmit-technology-services/
Gautam Solar Pvt Ltd,Corporate,Domestic,15,https://www.linkedin.com/company/gautam-solar/
Hackerearth Technologies Pvt Ltd,Corporate,Domestic,15,https://www.linkedin.com/company/hackerearth-technologies/
Avesta Labs LLP,Corporate,Domestic,15,https://www.linkedin.com/company/avesta-labs-llp/
Skorydov Robotics,Startup,,15,https://www.linkedin.com/company/skorydov-robotics/
United Tyrekrafts Pvt Ltd,Corporate,Domestic,15,https://www.linkedin.com/company/united-tyrekrafts/
Salesforce,Corporate,Domestic,15,https://www.linkedin.com/company/salesforce/
Cloudflare India Pvt Ltd,Corporate,Domestic,15,https://www.linkedin.com/company/cloudflare-india/
Technology Services Industry Association,Corporate,Domestic,15,https://www.linkedin.com/company/technology-services-industry-association/
NeevCloud,Corporate,Domestic,15,https://www.linkedin.com/company/neevcloud/
NTT DATA,Corporate,International,15,https://www.linkedin.com/company/ntt-data/
Relu AI Systems Pvt Ltd,Corporate,Domestic,15,https://www.linkedin.com/company/relu-ai-systems/
Smallest AI Awaaz Labs Pvt Ltd,Corporate,Domestic,15,https://www.linkedin.com/company/smallest-ai-awaaz-labs/
Wipro Limited,Corporate,Domestic,15,https://www.linkedin.com/company/wipro-limited/
Aarna Tech Consultants Pvt Ltd,Corporate,Domestic,15,https://www.linkedin.com/company/aarna-tech-consultants/
Airawat Research Foundation,Corporate,Domestic,15,https://www.linkedin.com/company/airawat-research-foundation/
PreDusk Technology Pvt Ltd,Corporate,Domestic,15,https://www.linkedin.com/company/predusk-technology/
Amnet Digital Pvt Ltd,Corporate,Domestic,15,https://www.linkedin.com/company/amnet-digital/
Digital Health Associates Pvt Ltd,Corporate,Domestic,15,https://www.linkedin.com/company/digital-health-associates/
Antier Solutions Pvt Ltd,Corporate,Domestic,15,https://www.linkedin.com/company/antier-solutions/
Dell technologies,Corporate,International,15,https://www.linkedin.com/company/dell/
Ministry of Panchayati Raj,Government,,15,https://www.linkedin.com/company/ministry-of-panchayati-raj/
Ariams Consulting Inc,Corporate,International,15,https://www.linkedin.com/company/ariams-consulting/
Avirasoft Digital Technologies Pvt Ltd,Corporate,Domestic,15,https://www.linkedin.com/company/avirasoft-digital-technologies/
SquadStack.ai,Corporate,Domestic,15,https://www.linkedin.com/company/squadstackai/
SmoothAi Pvt Ltd,Corporate,International,15,https://www.linkedin.com/company/smoothai/
Kgraph AI Solutions Pvt Ltd,Corporate,International,15,https://www.linkedin.com/company/kgraph-ai-solutions/
Institute of Chartered Accountant of India,Academia,,15,https://www.linkedin.com/company/institute-of-chartered-accountant-of/
AI Ventures,Corporate,Domestic,15,https://www.linkedin.com/company/ai-ventures/
Fairvaluation Unlock Future Fintech Pvt ltd,Corporate,Domestic,15,https://www.linkedin.com/company/fairvaluation-unlock-future-fintech/
Scikiq Data Pvt Ltd,Startup,,15,https://www.linkedin.com/company/scikiq-data/
Posidex technologies,Corporate,Domestic,15,https://www.linkedin.com/company/posidex/
Civic Data Labs,Corporate,Domestic,15,https://www.linkedin.com/company/civic-data-labs/
CommScope Inc,Corporate,International,15,https://www.linkedin.com/company/commscope/
Intensity Global Technologies Limited,Corporate,Domestic,15,https://www.linkedin.com/company/intensity-global-technologies-limited/
ESDS Software Solution Limited,Corporate,Domestic,15,https://www.linkedin.com/company/esds-software-solution-limited/
Hughes Systique Pvt Ltd,Corporate,Domestic,15,https://www.linkedin.com/company/hughes-systique/
Extramarks Education India Pvt Ltd,Corporate,Domestic,15,https://www.linkedin.com/company/extramarks-education-india/
HP India Sales Pvt Ltd,Corporate,Domestic,15,https://www.linkedin.com/company/hp-india-sales/
Acxiom Technologies,Corporate,Domestic,15,https://www.linkedin.com/company/acxiom/
ARTPARK,Academia,,15,https://www.linkedin.com/company/artpark/
Australian Consulate - General,Country Pavilion,,15,https://www.linkedin.com/company/australian-consulate--general/
AWS Amazon,Corporate,International,15,https://www.linkedin.com/company/awsamazon/
Axis Bank Limited,Corporate,Domestic,15,https://www.linkedin.com/company/axis-bank-limited/
Biz-Tech Analytics,Startup,,15,https://www.linkedin.com/company/biztech-analytics/
British High Commission India,Country Pavilion,,15,https://www.linkedin.com/company/british-high-commission/
Business France,Country Pavilion,,15,https://www.linkedin.com/company/business-france/
Vishwakarma University Institute of Technology,Academia,,15,https://www.linkedin.com/company/vishwakarma-university-institute-of-technology/
Bosch,Corporate,International,15,https://www.linkedin.com/company/bosch/
Centre for Journalism Innovation and Development CJID,Academia,,15,https://www.linkedin.com/company/centre-for-journalism-innovation-and-development-cjid/
Froncort.AI Pvt Ltd,Startup,,15,https://www.linkedin.com/company/froncortai/
Gnani.ai,Corporate,Domestic,15,https://www.linkedin.com/company/gnaniai/
Japan External Trade Organization,Country Pavilion,,15,https://www.linkedin.com/company/japan-external-trade-organization/
Head Held High Foundation Jan AI,Research,,15,https://www.linkedin.com/company/head-held-high-foundation-jan-ai/
HPE,Corporate,International,15,https://www.linkedin.com/company/hpe/
Indus IntelliRisk and IntelliSense Services Pvt Ltd,Corporate,Domestic,15,https://www.linkedin.com/company/indus-intellirisk-and-intellisense-services/
Biotechnology Industry Research Assistance Council,Public Sector Units,,15,https://www.linkedin.com/company/biotechnology-industry-research-assistance-council/
MapZot.AI,Corporate,International,15,https://www.linkedin.com/company/mapzotai/
Mastercard,Corporate,International,15,https://www.linkedin.com/company/mastercard/
Microsoft,Corporate,International,15,https://www.linkedin.com/company/microsoft/
Nasscom,Corporate,Domestic,15,https://www.linkedin.com/company/nasscom/
International Neurodegenerative Disorders Research Center,Research,,15,https://www.linkedin.com/company/international-neurodegenerative-disorders-research-center/
NVIDIA,Corporate,Domestic,15,https://www.linkedin.com/company/nvidia/
Government of Andhra Pradesh Real Time Governance Society,Government,,15,https://www.linkedin.com/company/government-of-andhra-pradesh-real-time-governance-society-under-itec-department/
SapidBlue,Startup,,15,https://www.linkedin.com/company/sapidblue/
SAS Institute India Pvt Ltd,Corporate,Domestic,15,https://www.linkedin.com/company/sas-institute-india/
Planetskool,Academia,,15,https://www.linkedin.com/company/planetskool/
Tech Mahindra,Corporate,Domestic,15,https://www.linkedin.com/company/tech-mahindra/
Transline Technologies Limited,Corporate,Domestic,15,https://www.linkedin.com/company/transline-technologies-limited/
Unique Identification Authority of India,Government,,15,https://www.linkedin.com/company/unique-identification-authority-of/
WFP India,Country Pavilion,,15,https://www.linkedin.com/company/wfp/
VVDN Technologies,Corporate,International,15,https://www.linkedin.com/company/vvdn/
Chat360.io Sumanel Technology Ventures Pvt Ltd,Corporate,Domestic,15,https://www.linkedin.com/company/chat360io-sumanel-technology-ventures/
Taiyo.AI,Corporate,International,15,https://www.linkedin.com/company/taiyoai/
Embassy of the Kingdom of the Netherlands in India,Country Pavilion,,15,https://www.linkedin.com/company/embassy-of-the-kingdom-of-the-netherlands-in/
Turing Enterprises Rainphase Technologies,Corporate,Domestic,15,https://www.linkedin.com/company/turing-enterprises-rainphase/
Prismberry Technologies Pvt Ltd,Startup,,15,https://www.linkedin.com/company/prismberry-technologies/
iMerit Technology,Corporate,International,15,https://www.linkedin.com/company/imerit-technology/
Open AI,Corporate,Domestic,15,https://www.linkedin.com/company/openai/
IIT Bombay Indian Institute of Technology Bombay,Academia,,15,https://www.linkedin.com/company/iit-bombay-indian-institute-of-technology-bombay/
Genpact India Private Limited,Corporate,International,15,https://www.linkedin.com/company/genpact-india/
CoRover Private Limted,Corporate,Domestic,15,https://www.linkedin.com/company/corover-private-limted/
Jio Institute,Startup,,15,https://www.linkedin.com/company/jio-institute/
Indian Navy,Government,,15,https://www.linkedin.com/company/indian-navy/
Centre for Railway Information Systems CRIS,Government,,15,https://www.linkedin.com/company/centre-for-railway-information-systems-cris/
Ministry of Education,Government,,15,https://www.linkedin.com/company/ministry-of-education/
11ZA,Corporate,Domestic,15,https://www.linkedin.com/company/11za/
Ministry of Electronics and Information Technology,Government,,15,https://www.linkedin.com/company/ministry-of-electronics-and-information-technology/
Ministry of Information Broadcastings,Government,,15,https://www.linkedin.com/company/ministry-of-information--broadcastings/
Department of Food and Public Distribution Ministry of Consumer Affairs,Government,,15,https://www.linkedin.com/company/department-of-food-and-public-distribution-ministry-of-consumer-affairs/
Sarvam AI,Corporate,Domestic,15,https://www.linkedin.com/company/sarvam-ai/
Gujarat Informatics Limited,Government,,15,https://www.linkedin.com/company/gujarat-informatics-limited/
Ministry of Power,Government,,15,https://www.linkedin.com/company/ministry-of-power/
Government of Karnataka Department of Electronics IT and Biotechnology,Government,,15,https://www.linkedin.com/company/government-of-karnataka-department-of-electronics-it-and-biotechnology/
Bharat Electronics Ltd,Public Sector Units,,15,https://www.linkedin.com/company/bharat-electronics-ltd/
Anusandhan National Research Foundation ANRF,Government,,15,https://www.linkedin.com/company/anusandhan-national-research-foundation-anrf/
Kyndryl Solutions Pvt Ltd,Corporate,Domestic,15,https://www.linkedin.com/company/kyndryl-solutions/
Government of Uttarakhand Department of Information Technology,Government,,15,https://www.linkedin.com/company/government-of-uttarakhand-department-of-information-technology/
NIMBORA,Startup,,15,https://www.linkedin.com/company/nimbora/
Government of Telangana T-Hub Foundation,Government,,15,https://www.linkedin.com/company/government-of-telangana-thub-foundation/
Protean International DMCC,Startup,,15,https://www.linkedin.com/company/protean-international-dmcc/
YuVerse,Startup,,15,https://www.linkedin.com/company/yuverse/
Apogean Technologies Pvt Ltd,Corporate,Domestic,15,https://www.linkedin.com/company/apogean-technologies/
ShellKode,Startup,,15,https://www.linkedin.com/company/shellkode/
Mio AI Merrito,Corporate,Domestic,15,https://www.linkedin.com/company/mio-ai--merrito/
Haptik,Corporate,Domestic,15,https://www.linkedin.com/company/haptik/
Brandworks Technologies,Corporate,Domestic,15,https://www.linkedin.com/company/brandworks/
Anant Raj Cloud Pvt Ltd,Corporate,Domestic,15,https://www.linkedin.com/company/anant-raj-cloud/
Transport Corporation of India Limited,Corporate,Domestic,15,https://www.linkedin.com/company/transport-corporation-of-india-limited/
Government of Meghalaya Department of IT and Communications,Government,,15,https://www.linkedin.com/company/government-of-meghalaya-department-of-it-and-communications/
Government of Tamil Nadu,Government,,15,https://www.linkedin.com/company/government-of-tamil-nadu/
Centre for Open Societal Systems COSS by IIIT-Bangalore,Research,,15,https://www.linkedin.com/company/centre-for-open-societal-systems-coss-by-iiitbangalore-ekstep-foundation/
SpectraONE,Corporate,Domestic,15,https://www.linkedin.com/company/spectraone/
Zoho,Corporate,Domestic,15,https://www.linkedin.com/company/zohocorp/
Concret.io,Corporate,Domestic,15,https://www.linkedin.com/company/concretio/
Digital India Bhashini Division,Government,,15,https://www.linkedin.com/company/digital-india-bhashini-division/
Vicharak Computers Pvt Ltd,Startup,,15,https://www.linkedin.com/company/vicharak-computers/
Beyond Codes,Corporate,Domestic,15,https://www.linkedin.com/company/beyond-codes/
Government of Rajasthan Department of IT Communications,Government,,15,https://www.linkedin.com/company/government-of-rajasthan-department-of-it--communications/
Simplismart,Corporate,Domestic,15,https://www.linkedin.com/company/simplismart/
The Cutting Edge Group,Academia,,15,https://www.linkedin.com/company/the-cutting-edge-group/
ZingHR CNERGYIS INFOTECH INDIA Pvt Ltd,Startup,,15,https://www.linkedin.com/company/zinghr-cnergyis-infotech-india/
ALIMCO Artificial Limbs Manufacturing Corporation Of India,Public Sector Units,,15,https://www.linkedin.com/company/alimco-artificial-limbs-manufacturing-corporation-of/
R Process,Corporate,Domestic,15,https://www.linkedin.com/company/r-process/
GitHub,Corporate,Domestic,15,https://www.linkedin.com/company/github/
People Prime,Corporate,Domestic,15,https://www.linkedin.com/company/people-prime/
Vivekananda Global University Jaipur,Academia,,15,https://www.linkedin.com/company/vivekananda-global-university-jaipur/
Karmayogi Bharat Department of Personnel and Training,Government,,15,https://www.linkedin.com/company/karmayogi-bharat-department-of-personnel-and-training/
Delhi Metro Corporation,Public Sector Units,,15,https://www.linkedin.com/company/delhi-metro/
Government of Punjab Information Communication Tech Corp Ltd,Government,,15,https://www.linkedin.com/company/government-of-punjab-information--communication-tech-corp-ltd/
Ishan Technologies,Corporate,Domestic,15,https://www.linkedin.com/company/ishan/
Suronex and Zero Forg,Startup,,15,https://www.linkedin.com/company/suronex-and-zero-forg/
TrueFan AI,Startup,,15,https://www.linkedin.com/company/truefan-ai/
Aiwo Limited,Corporate,Domestic,15,https://www.linkedin.com/company/aiwo-limited/
Blockchain For Impact,Corporate,Domestic,15,https://www.linkedin.com/company/blockchain-for-impact/
The LEGO Group,Corporate,Domestic,15,https://www.linkedin.com/company/the-lego-group/
Dayananda Sagar University,Academia,,15,https://www.linkedin.com/company/dayananda-sagar-university/
Government of Manipur Department of Information Technology,Government,,15,https://www.linkedin.com/company/government-of-manipur-department-of-information-technology/
Avinyaa EdTech Kreativespace,Startup,,15,https://www.linkedin.com/company/avinyaa-edtech-kreativespace/
PRAMA India Pvt Ltd,Corporate,Domestic,15,https://www.linkedin.com/company/prama-india/
Ripik technology Pvt Ltd,Corporate,Domestic,15,https://www.linkedin.com/company/ripik-technology/
The STEM Practice Company,Corporate,International,15,https://www.linkedin.com/company/the-stem-practice-company/
Integra Micro Systems,Corporate,Domestic,15,https://www.linkedin.com/company/integra-micro-systems/
Government of Madhya Pradesh State Electronics Development Corporation,Government,,15,https://www.linkedin.com/company/government-of-madhya-pradesh-state-electronics-development/
IIT Kharagpur AI4ICPS I Hub Foundation,Academia,,15,https://www.linkedin.com/company/iit-kharagpur-ai4icps-i-hub-foundation/
Bourntec Solutions Pvt Ltd,Corporate,Domestic,15,https://www.linkedin.com/company/bourntec-solutions/
Gates Foundation,Research,,15,https://www.linkedin.com/company/gates-foundation/
Government of Maharashtra,Government,,15,https://www.linkedin.com/company/government-of-maharashtra/
Resecurity,Corporate,Domestic,15,https://www.linkedin.com/company/resecurity/
State Bank of India Mumbai,Public Sector Units,,15,https://www.linkedin.com/company/state-bank-of-india-mumbai/
Ministry of Agriculture,Government,,15,https://www.linkedin.com/company/ministry-of-agriculture/
IILM University,Academia,,15,https://www.linkedin.com/company/iilm-university/
Government of Goa Department of IT Electronics,Government,,15,https://www.linkedin.com/company/government-of-goa-department-of-it--electronics/
Open AI Lounge,Corporate,Domestic,15,https://www.linkedin.com/company/open-ai-lounge/
Tanna Techbiz LLP,Corporate,Domestic,15,https://www.linkedin.com/company/tanna-techbiz-llp/
Government of Uttar Pradesh,Government,,15,https://www.linkedin.com/company/government-of-uttar-pradesh/
Scaler School of technology,Academia,,15,https://www.linkedin.com/company/scaler-school-of-technology/
E-Solutions IT Services Pvt Ltd,Corporate,Domestic,15,https://www.linkedin.com/company/esolutions-it-services/
Government of Chhattisgarh State Industrial Development Corporation,Government,,15,https://www.linkedin.com/company/government-of-chhattisgarh-state-industrial-development/
LeadupUniverse - E&ICT IIT Kanpur,Startup,,15,https://www.linkedin.com/company/leadupuniverse--eict-iit-kanpur/
Lovely Professional University Punjab,Academia,,15,https://www.linkedin.com/company/lovely-professional-university-punjab/
FuturixAI,Corporate,Domestic,15,https://www.linkedin.com/company/futurixai/
Ansys Software Pvt Ltd,Corporate,Domestic,15,https://www.linkedin.com/company/ansys-software/
dDriven,Corporate,Domestic,15,https://www.linkedin.com/company/ddriven/
Indian Army,Government,,15,https://www.linkedin.com/company/indian-army/
Evvolv.ai,Startup,,15,https://www.linkedin.com/company/evvolvai/
Knight Fintech,Startup,,15,https://www.linkedin.com/company/knight-fintech/
Repro India Pvt Ltd,Corporate,,15,https://www.linkedin.com/company/repro-india/
Cubastion Consulting Private Limited,Corporate,,15,https://www.linkedin.com/company/cubastion-consulting/
Refroid Technologies Private Limited,Startup,,15,https://www.linkedin.com/company/refroid-technologies/
Amity University,Academia,,15,https://www.linkedin.com/company/amity-university/
TCG DIGITAL SOLUTIONS PVT LTD,Corporate,Domestic,15,https://www.linkedin.com/company/tcg-digital-solutions/
Thoughtworks,Corporate,Domestic,15,https://www.linkedin.com/company/thoughtworks/
Ministry of Ayush,Government,,15,https://www.linkedin.com/company/ministry-of-ayush/
Ministry of Earth Sciences,Government,,15,https://www.linkedin.com/company/ministry-of-earth-sciencesindian-instiutute-of-tropical-sciences/
Centre for Development of Telematics C-DOT,Government,,15,https://www.linkedin.com/company/centre-for-development-of-telematics-cdot/
Ministry of Rural Development,Government,,15,https://www.linkedin.com/company/ministry-of-rural-development/
Ministry of Heavy Industries,Government,,15,https://www.linkedin.com/company/ministry-of-heavy-industriesengineering-projects-india-ltd/
Ministry of Steel,Government,,15,https://www.linkedin.com/company/ministry-of-steel/
Ministry of Tribal Affairs,Government,,15,https://www.linkedin.com/company/ministry-of-tribal-affairs/
DRDO,Government,,15,https://www.linkedin.com/company/drdo/
Department of Technical education Govt of NCT of Delhi,Government,,15,https://www.linkedin.com/company/department-of-technical-education-govt-of-nct-of-delhi/
Government of Tripura Directorate of IT,Government,,15,https://www.linkedin.com/company/government-of-tripura-directorate-of-it/
Government of Assam Department of IT,Government,,15,https://www.linkedin.com/company/government-of-assam-department-of-it/
Government of Kerala State IT Mission,Government,,15,https://www.linkedin.com/company/government-of-kerala-state-it-mission/
National Payments Corporation of India NPCI,Public Sector Units,,15,https://www.linkedin.com/company/national-payments-corporation-of-india-npci/
Trestle Labs Private Limited,Corporate,Domestic,15,https://www.linkedin.com/company/trestle-labs/
BUSINESSNEXT,Corporate,Domestic,15,https://www.linkedin.com/company/businessnext/
Meesho,Corporate,Domestic,15,https://www.linkedin.com/company/meesho/
Kavion,Corporate,Domestic,15,https://www.linkedin.com/company/kavion/
AdaniConnex,Corporate,Domestic,15,https://www.linkedin.com/company/adaniconnex/
Josh Talks,Corporate,Domestic,15,https://www.linkedin.com/company/josh-talks/
IIT Gandhinagar,Corporate,Domestic,15,https://www.linkedin.com/company/iit-gandhinagar/
ElevenLabs,Corporate,International,15,https://www.linkedin.com/company/elevenlabs/
Ministry of Health and Family affairs,Government,,15,https://www.linkedin.com/company/ministry-of-health-and-family-affairs/
ERA EDUCATION TRUST,Academia,,15,https://www.linkedin.com/company/era-education-trust/
Aventisia Technologies Private Limited,Startup,,15,https://www.linkedin.com/company/aventisia-technologies/
Africa AI Village Qhala Trust,Country Pavilion,,15,https://www.linkedin.com/company/africa-ai-village-qhala-trust/
INDO GERMAN CHAMBER OF COMMERCE,Country Pavilion,,15,https://www.linkedin.com/company/indo-german-chamber-of-commerce/
Central Bureau of Communication MIB,Government,,15,https://www.linkedin.com/company/central-bureau-of-communication-mib/
Pitch my Venture IGHC Limited,Corporate,Domestic,15,https://www.linkedin.com/company/pitch-my-venture-ighc-limited/
MobilePe Fintech Private Limited,Startup,,15,https://www.linkedin.com/company/mobilepe-fintech/
ActionSync,Startup,,15,https://www.linkedin.com/company/actionsync/
Prisma AI,Corporate,Domestic,15,https://www.linkedin.com/company/prisma-ai/
AKIS TECH LIMITED Russian Pavilion - Russoft,Country Pavilion,,15,https://www.linkedin.com/company/akis-tech-limited-russian-pavilion--russoft/
Government of Republic of Serbia,Corporate,International,15,https://www.linkedin.com/company/government-of-republic-of-serbia/
Nigeria AI Collective,Academia,,15,https://www.linkedin.com/company/nigeria-ai-collective/
VIRSA.AI,Corporate,Domestic,15,https://www.linkedin.com/company/virsaai/
Varahi Technologies Pvt Ltd,Startup,,15,https://www.linkedin.com/company/varahi-technologies/
MIND WEBS VENTURES,Startup,,15,https://www.linkedin.com/company/mind-webs-ventures/
Infutrix,Startup,,15,https://www.linkedin.com/company/infutrix/
NeuralFactoryAI,Startup,,15,https://www.linkedin.com/company/neuralfactoryai/
Niral Networks,Startup,,15,https://www.linkedin.com/company/niral-networks/
Recapi AI,Startup,,15,https://www.linkedin.com/company/recapi-ai/
NeenOpal Intelligent Solutions Private Limited,Startup,,15,https://www.linkedin.com/company/neenopal-intelligent-solutions/
ClarityX Analytics Private Limited,Startup,,15,https://www.linkedin.com/company/clarityx-analytics/
Visotonics,Startup,,15,https://www.linkedin.com/company/visotonics/
Atinav Idea Lab Pvt Ltd,Startup,,15,https://www.linkedin.com/company/atinav-idea-lab/
Neosapien,Startup,,15,https://www.linkedin.com/company/neosapien/
Wavenet Technologies Private Limited,Startup,,15,https://www.linkedin.com/company/wavenet-technologies/
Vaani Research Labs,Startup,,15,https://www.linkedin.com/company/vaani-research-labs/
Chimple,Startup,,15,https://www.linkedin.com/company/chimple/
GMEET ELECTRONICS PRIVATE LIMITED,Startup,,15,https://www.linkedin.com/company/gmeet-electronics/
Elluminati Ventures Pvt Ltd,Startup,,15,https://www.linkedin.com/company/elluminati-ventures/
Prajvis,Startup,,15,https://www.linkedin.com/company/prajvis/
Endee Labs,Startup,,15,https://www.linkedin.com/company/endee-labs/
Zoven AI,Startup,,15,https://www.linkedin.com/company/zoven-ai/
YogiFi by Wellnesys Technologies,Startup,,15,https://www.linkedin.com/company/yogifi-by-wellnesys/
Boaient Technology Solutions Private Limited,Startup,,15,https://www.linkedin.com/company/boaient-technology-solutions/
Unified AI,Startup,,15,https://www.linkedin.com/company/unified-ai/
CodeAstra,Startup,,15,https://www.linkedin.com/company/codeastra/
MadScientist,Startup,,15,https://www.linkedin.com/company/madscientist/
Hyprbots Systems Pvt Ltd,Startup,,15,https://www.linkedin.com/company/hyprbots-systems/
TeachBetter.ai,Startup,,15,https://www.linkedin.com/company/teachbetterai/
Fuski Ventures Private Limited,Startup,,15,https://www.linkedin.com/company/fuski-ventures/
Transformer Neural Scan Quest Pvt Ltd TNSQAI,Startup,,15,https://www.linkedin.com/company/transformer-neural-scan-quest-pvt-ltd-tnsqai/
Carnot Research Pvt Ltd,Startup,,15,https://www.linkedin.com/company/carnot-research/
Avalon Tech Labs,Startup,,15,https://www.linkedin.com/company/avalon-tech-labs/
AI Planet,Startup,,15,https://www.linkedin.com/company/ai-planet/
Think Evolve Labs,Startup,,15,https://www.linkedin.com/company/think-evolve-labs/
Hunar.AI,Startup,,15,https://www.linkedin.com/company/hunarai/
Bolna AI,Startup,,15,https://www.linkedin.com/company/bolna-ai/
ARMS 4 AI,Startup,,15,https://www.linkedin.com/company/arms-4-ai/
Gignaati Smartians AI Private Limited,Startup,,15,https://www.linkedin.com/company/gignaati--smartians-ai/
Carver Agents,Startup,,15,https://www.linkedin.com/company/carver-agents/
Monkhub Innovations Private Limited,Startup,,15,https://www.linkedin.com/company/monkhub-innovations/
TanPrish Dynamics Private Limited,Startup,,15,https://www.linkedin.com/company/tanprish-dynamics/
PVANALYTICA INNOVATIONS PRIVATE LIMITED,Startup,,15,https://www.linkedin.com/company/pvanalytica-innovations/
Edza AI,Startup,,15,https://www.linkedin.com/company/edza-ai/
ArthaVedh Consulting Pvt Limited,Startup,,15,https://www.linkedin.com/company/arthavedh-consulting-pvt-limited/
ZENERATIVE MINDS PRIVATE LIMITED,Startup,,15,https://www.linkedin.com/company/zenerative-minds/
karemind Iscripts private limited,Startup,,15,https://www.linkedin.com/company/karemind-iscripts/
Weam AI,Startup,,15,https://www.linkedin.com/company/weam-ai/
RLAI,Startup,,15,https://www.linkedin.com/company/rlai/
Mega Impacts,Startup,,15,https://www.linkedin.com/company/mega-impacts/
Mimasa Ai,Startup,,15,https://www.linkedin.com/company/mimasa-ai/
ZIPP.AI,Startup,,15,https://www.linkedin.com/company/zippai/
Atomo Innovation Pvt Ltd,Startup,,15,https://www.linkedin.com/company/atomo-innovation/
AthenaAgent,Startup,,15,https://www.linkedin.com/company/athenaagent/
Opsight AI Private Limited,Startup,,15,https://www.linkedin.com/company/opsight-ai/
Vidh Labs Private Limited,Startup,,15,https://www.linkedin.com/company/vidh-labs/
EdgeFleet.Ai,Startup,,15,https://www.linkedin.com/company/edgefleetai/
TM2Space Technologies Pvt Ltd,Startup,,15,https://www.linkedin.com/company/tm2space-technologies/
CYRAN AI Solutions Pvt Ltd,Startup,,15,https://www.linkedin.com/company/cyran-ai-solutions/
Kenome Brand of Qarbona Solutions Pvt Ltd,Startup,,15,https://www.linkedin.com/company/kenome-brand-of-qarbona-solutions/
Apisdor Technologies Pvt Ltd,Startup,,15,https://www.linkedin.com/company/apisdor-technologies/
Yolearn.ai,Startup,,15,https://www.linkedin.com/company/yolearnai/
Bharat1.ai,Corporate,Domestic,15,https://www.linkedin.com/company/bharat1ai/
Empaithy,Startup,,15,https://www.linkedin.com/company/empaithy/
Trench Security,Startup,,15,https://www.linkedin.com/company/trench-security/
Pathania Svarix Private Limited,Startup,,15,https://www.linkedin.com/company/pathania-svarix/
Getgabs LLP,Startup,,15,https://www.linkedin.com/company/getgabs-llp/
Buddy Mentor,Startup,,15,https://www.linkedin.com/company/buddy-mentor/
Aalekh AI,Startup,,15,https://www.linkedin.com/company/aalekh-ai/
Rasyn Technologies Private Limited,Startup,,15,https://www.linkedin.com/company/rasyn-technologies/
FinStackk,Startup,,15,https://www.linkedin.com/company/finstackk/
Webnyay AI,Startup,,15,https://www.linkedin.com/company/webnyay-ai/
SEORCE,Startup,,15,https://www.linkedin.com/company/seorce/
Brix AI Technology LLP,Startup,,15,https://www.linkedin.com/company/brix-ai-technology-llp/
amara info sec,Startup,,15,https://www.linkedin.com/company/amara-info-sec/
Shodh.ai,Startup,,15,https://www.linkedin.com/company/shodhai/
NCPEDP,Research,,15,https://www.linkedin.com/company/ncpedp/
EnxtAI,Startup,,15,https://www.linkedin.com/company/enxtai/
ZOOOX,Startup,,15,https://www.linkedin.com/company/zooox/
Intellexia Tech Private Ltd,Startup,,15,https://www.linkedin.com/company/intellexia-tech-private-ltd/
ProvisCommerce.AI,Startup,,15,https://www.linkedin.com/company/proviscommerceai/
TESTPAN INDIA PRIVATE LIMITED,Startup,,15,https://www.linkedin.com/company/testpan-india/
Manthana.AI,Startup,,15,https://www.linkedin.com/company/manthanaai/
Ethana.ai,Startup,,15,https://www.linkedin.com/company/ethanaai/
gts.ai,Startup,,15,https://www.linkedin.com/company/gtsai/
SECUAI SOLUTIONS PRIVATE LIMITED,Corporate,Domestic,15,https://www.linkedin.com/company/secuai-solutions/
BluemachinesApna.com,Corporate,Domestic,15,https://www.linkedin.com/company/bluemachinesapnacom/
Proximal Cloud Proximal Cloud Private Limited,Startup,,15,https://www.linkedin.com/company/proximal-cloud-proximal-cloud/
Enterprise Estonia,Corporate,International,15,https://www.linkedin.com/company/enterprise-estonia/
Piramal Foundation,Corporate,Domestic,15,https://www.linkedin.com/company/piramal-foundation/
I2K2 Networks Private Limited,Corporate,Domestic,15,https://www.linkedin.com/company/i2k2-networks/
Apisod Technologies Private Limited,Corporate,Domestic,15,https://www.linkedin.com/company/apisod-technologies/
Meganet Technologies Global Limited,Corporate,Domestic,15,https://www.linkedin.com/company/meganet-technologies-global-limited/
Meerut Institute of Emgineering & Technology,Academia,,15,https://www.linkedin.com/company/meerut-institute-of-emgineering--technology/
Invincible Ocean,Corporate,Domestic,15,https://www.linkedin.com/company/invincible-ocean/
Whiz Meeting India Private Limited,Corporate,Domestic,15,https://www.linkedin.com/company/whiz-meeting-india/
Ernst & Young LLP EY,Corporate,Domestic,15,https://www.linkedin.com/company/ernst--young-llp-ey/
AeonX Digital,Corporate,Domestic,15,https://www.linkedin.com/company/aeonx-digital/
Zypl Holding Ltd,Corporate,International,15,https://www.linkedin.com/company/zypl-holding-ltd/
Intellicloud Solutions Private Limited,Startup,,15,https://www.linkedin.com/company/intellicloud-solutions/
Manentia AI,Startup,,15,https://www.linkedin.com/company/manentia-ai/
DGTLmart Technologies Pvt Ltd,Startup,,15,https://www.linkedin.com/company/dgtlmart-technologies/
Northstarz AI,Startup,,15,https://www.linkedin.com/company/northstarz-ai/
REAN CARE FOUNDATION INDIA,Startup,,15,https://www.linkedin.com/company/rean-care-foundation/
SDLC Corp,Startup,,15,https://www.linkedin.com/company/sdlc/
Ledsak Technologies Private Limited,Startup,,15,https://www.linkedin.com/company/ledsak-technologies/
Thenoah.ai,Startup,,15,https://www.linkedin.com/company/thenoahai/
scanO,Startup,,15,https://www.linkedin.com/company/scano/
Aviara Labs,Startup,,15,https://www.linkedin.com/company/aviara-labs/
Spharaka Networks Private Limited,Startup,,15,https://www.linkedin.com/company/spharaka-networks/
Novyte Materials,Startup,,15,https://www.linkedin.com/company/novyte-materials/
Tecnod8.AI,Startup,,15,https://www.linkedin.com/company/tecnod8ai/
Integrated 9AI Business Solutions Pvt Ltd,Startup,,15,https://www.linkedin.com/company/integrated-9ai-business-solutions/
IKTARA Data Sciences,Startup,,15,https://www.linkedin.com/company/iktara-data-sciences/
S4AI Technologies LLP,Startup,,15,https://www.linkedin.com/company/s4ai-technologies-llp/
OnFinance AI,Startup,,15,https://www.linkedin.com/company/onfinance-ai/
CIVET Global Technology Services Private Limited,Startup,,15,https://www.linkedin.com/company/civet-global-technology-services/
Tranquil AI,Startup,,15,https://www.linkedin.com/company/tranquil-ai/
Repliant AI,Startup,,15,https://www.linkedin.com/company/repliant-ai/
NavigatingX,Startup,,15,https://www.linkedin.com/company/navigatingx/
Techshlok Research and Development Pvt Ltd,Startup,,15,https://www.linkedin.com/company/techshlok-research-and-development/
Pharynx AI,Startup,,15,https://www.linkedin.com/company/pharynx-ai/
Miraista,Startup,,15,https://www.linkedin.com/company/miraista/
AutonomOps AI,Startup,,15,https://www.linkedin.com/company/autonomops-ai/
Altiv.AI,Startup,,15,https://www.linkedin.com/company/altivai/
Tacodi Electronics Pvt Ltd,Startup,,15,https://www.linkedin.com/company/tacodi-electronics/
SETV Healthcare Technologies Private Limited,Startup,,15,https://www.linkedin.com/company/setv-healthcare-technologies/
Power Grid Corporation of India Limited,Corporate,Domestic,15,https://www.linkedin.com/company/power-grid-corporation-of-india-limited/
Electronics Corporation Of Tamil Nadu Limited,Corporate,Domestic,15,https://www.linkedin.com/company/electronics-corporation-of-tamil-nadu-limited/
NIDP Developers Private Limited,Corporate,Domestic,15,https://www.linkedin.com/company/nidp-developers/
Yo Doozy! Media Private Limited,Corporate,Domestic,15,https://www.linkedin.com/company/yo-doozy-media/
I-Hub For Robotics And Autonomous Systems,Corporate,Domestic,15,https://www.linkedin.com/company/ihub-for-robotics-and-autonomous-systems/
International Institute Of InformationBangalore,Academia,,15,https://www.linkedin.com/company/international-institute-of-informationbangalore/
Redington Limited,Corporate,Domestic,15,https://www.linkedin.com/company/redington-limited/
ESC Electronic Software Export Promotion Council,Public Sector Units,,15,https://www.linkedin.com/company/esc--electronic-software-export-promotion-council/
The International Solar Alliance ISA,Corporate,Domestic,15,https://www.linkedin.com/company/the-international-solar-alliance-isa/
The LNM Institute of Information Technology Jaipur,Academia,,15,https://www.linkedin.com/company/the-lnm-institute-of-information-technology-jaipur/
Paytm,Corporate,Domestic,15,https://www.linkedin.com/company/paytm/
Lenovo,Corporate,Domestic,15,https://www.linkedin.com/company/lenovo/
Eros Innovation,Corporate,Domestic,15,https://www.linkedin.com/company/eros-innovation/
Velankani Information Systems Ltd,Corporate,Domestic,15,https://www.linkedin.com/company/velankani-information-systems-ltd/
Voxot Solutions Pvt Ltd Pragyaa.ai,Startup,,15,https://www.linkedin.com/company/voxot-solutions-pvt-ltd-pragyaaai/
Sreyas Software Solutions Pvt Ltd,Startup,,15,https://www.linkedin.com/company/sreyas-software-solutions/
Spotless AI Robotics Pvt Ltd,Startup,,15,https://www.linkedin.com/company/spotless-ai-robotics/
QuaaPeak Tech Pvt Ltd,Startup,,15,https://www.linkedin.com/company/quaapeak-tech/
Miimansa AI Pvt Ltd,Startup,,15,https://www.linkedin.com/company/miimansa-ai/
Manodayam Pvt Ltd,Startup,,15,https://www.linkedin.com/company/manodayam/
Kubar Protocol Pvt Ltd,Startup,,15,https://www.linkedin.com/company/kubar-protocol/
Inweon IT Innovations Pvt Ltd,Startup,,15,https://www.linkedin.com/company/inweon-it-innovations/
INTELIQUANT AI Pvt Ltd,Startup,,15,https://www.linkedin.com/company/inteliquant-ai/
Hanu AI Pvt Ltd,Startup,,15,https://www.linkedin.com/company/hanu-ai/
Farmoid Robotech Pvt Ltd,Startup,,15,https://www.linkedin.com/company/farmoid-robotech/
DSeT Consulting Pvt Ltd,Startup,,15,https://www.linkedin.com/company/dset-consulting/
Devick Biz Solutions Pvt Ltd OneNDF,Startup,,15,https://www.linkedin.com/company/devick-biz-solutions-pvt-ltd-onendf/
Daakia Pvt Ltd,Startup,,15,https://www.linkedin.com/company/daakia/
Ashaa Technology Solutions Pvt Ltd Ashaa.AI,Startup,,15,https://www.linkedin.com/company/ashaa-technology-solutions-pvt-ltd-ashaaai/
Agnistoka Digital Universe Tech Pvt Ltd,Startup,,15,https://www.linkedin.com/company/agnistoka-digital-universe-tech/
YellowSense Technologies Pvt Ltd,Startup,,15,https://www.linkedin.com/company/yellowsense-technologies/
Voptimaise Climate Tech Solutions Pvt Ltd,Startup,,15,https://www.linkedin.com/company/voptimaise-climate-tech-solutions/
Evigway Technologies Pvt Ltd,Startup,,15,https://www.linkedin.com/company/evigway-technologies/
Testaing Solutions Pvt Ltd,Startup,,15,https://www.linkedin.com/company/testaing-solutions/
Talentspotify Pvt Ltd,Startup,,15,https://www.linkedin.com/company/talentspotify/
Predulive Innovations Pvt Ltd,Startup,,15,https://www.linkedin.com/company/predulive-innovations/
Cgreen,Startup,,15,https://www.linkedin.com/company/cgreen/
Inflynx Technologies Pvt Ltd,Startup,,15,https://www.linkedin.com/company/inflynx-technologies/
Esniff Devices Pvt Ltd,Startup,,15,https://www.linkedin.com/company/esniff-devices/
Brenin Technologies Pvt Ltd,Startup,,15,https://www.linkedin.com/company/brenin-technologies/
Dotnitron Technologies,Startup,,15,https://www.linkedin.com/company/dotnitron/
MyGST Refund,Startup,,15,https://www.linkedin.com/company/mygst-refund/
Quaapton AI Solutions Pvt Ltd,Startup,,15,https://www.linkedin.com/company/quaapton-ai-solutions/
VOICERAcx,Startup,,15,https://www.linkedin.com/company/voiceracx/
Macgence AI,Startup,,15,https://www.linkedin.com/company/macgence-ai/
SetMyCart,Startup,,15,https://www.linkedin.com/company/setmycart/
Qubrid AI,Startup,,15,https://www.linkedin.com/company/qubrid-ai/
Yugyog,Startup,,15,https://www.linkedin.com/company/yugyog/
KIREAP,Startup,,15,https://www.linkedin.com/company/kireap/
Aminuteman technologies,Startup,,15,https://www.linkedin.com/company/aminuteman/
Birchlogic,Startup,,15,https://www.linkedin.com/company/birchlogic/
Aekyam- AI Orchestration Platform,Startup,,15,https://www.linkedin.com/company/aekyam-ai-orchestration-platform/
CODETANTRA,Startup,,15,https://www.linkedin.com/company/codetantra/
Computer Shiksha,Startup,,15,https://www.linkedin.com/company/computer-shiksha/
CarryYourAI Technologies Private Limited,Startup,,15,https://www.linkedin.com/company/carryyourai-technologies/
ClassMap,Startup,,15,https://www.linkedin.com/company/classmap/
WheelsEye,Startup,,15,https://www.linkedin.com/company/wheelseye/
Brahmaa.ai,Startup,,15,https://www.linkedin.com/company/brahmaaai/
qRaptor,Startup,,15,https://www.linkedin.com/company/qraptor/
Vision Digital India,Startup,,15,https://www.linkedin.com/company/vision-digital/
Delta4 Infotech Pvt Ltd,Startup,,15,https://www.linkedin.com/company/delta4-infotech/
TripGain,Startup,,15,https://www.linkedin.com/company/tripgain/
MySelllerCentral,Startup,,15,https://www.linkedin.com/company/myselllercentral/
Leverage,Startup,,15,https://www.linkedin.com/company/leverage/
KARKAAI TECHNOLOGIES PRIVATE LIMITED,Startup,,15,https://www.linkedin.com/company/karkaai-technologies/
Trndx Technologies LLP,Startup,,15,https://www.linkedin.com/company/trndx-technologies-llp/
BHARATADEX PLATFORM PRIVATE LIMITED,Startup,,15,https://www.linkedin.com/company/bharatadex-platform/
Tylect Technologies,Startup,,15,https://www.linkedin.com/company/tylect/
Molecule AI Private Limited,Startup,,15,https://www.linkedin.com/company/molecule-ai/
Unbox Industry,Startup,,15,https://www.linkedin.com/company/unbox-industry/
TatvaCare,Startup,,15,https://www.linkedin.com/company/tatvacare/
Yarnit,Startup,,15,https://www.linkedin.com/company/yarnit/
SKYE AIR MOBILITY PVT LTD,Startup,,15,https://www.linkedin.com/company/skye-air-mobility/
SoulEra,Startup,,15,https://www.linkedin.com/company/soulera/
Curate Data Analytics LLP,Startup,,15,https://www.linkedin.com/company/curate-data-analytics-llp/
Propio,Startup,,15,https://www.linkedin.com/company/propio/
Deepmindz Innovations,Startup,,15,https://www.linkedin.com/company/deepmindz-innovations/
Procol,Startup,,15,https://www.linkedin.com/company/procol/
Appzlogic Mobility Solutions Pvt Ltd,Startup,,15,https://www.linkedin.com/company/appzlogic-mobility-solutions/
Data Science Wizards Pvt Ltd,Startup,,15,https://www.linkedin.com/company/data-science-wizards/
GramIQ,Startup,,15,https://www.linkedin.com/company/gramiq/
RationalGO,Startup,,15,https://www.linkedin.com/company/rationalgo/
XenReality,Startup,,15,https://www.linkedin.com/company/xenreality/
ZipNom,Startup,,15,https://www.linkedin.com/company/zipnom/
VITT AI,Startup,,15,https://www.linkedin.com/company/vitt-ai/
Ulai Sashakti Ventures Pvt Ltd,Startup,,15,https://www.linkedin.com/company/ulai-sashakti-ventures/
Assessli,Startup,,15,https://www.linkedin.com/company/assessli/
Prodloop Technologies Private Limited,Startup,,15,https://www.linkedin.com/company/prodloop-technologies/
EmpathIQ Technologies Pvt Ltd,Startup,,15,https://www.linkedin.com/company/empathiq-technologies/
CraftifAI,Startup,,15,https://www.linkedin.com/company/craftifai/
Intelekt AI,Startup,,15,https://www.linkedin.com/company/intelekt-ai/
CyberUltron Consulting Private Limited,Startup,,15,https://www.linkedin.com/company/cyberultron-consulting/
Atsuya Technologies Pvt Ltd,Startup,,15,https://www.linkedin.com/company/atsuya-technologies/
Kokumi Technologies Private Limited,Startup,,15,https://www.linkedin.com/company/kokumi-technologies/
Osto Cybersecurity,Startup,,15,https://www.linkedin.com/company/osto-cybersecurity/
Vomyra AI Solutions Pvt Ltd,Startup,,15,https://www.linkedin.com/company/vomyra-ai-solutions/
CURLSEK AI TECHNOLOGIES PRIVATE LIMITED,Startup,,15,https://www.linkedin.com/company/curlsek-ai-technologies/
Optywise AI Solutions,Startup,,15,https://www.linkedin.com/company/optywise-ai/
Mark II,Startup,,15,https://www.linkedin.com/company/mark-ii/
Orange Virtual Global Solutions Pvt Ltd,Startup,,15,https://www.linkedin.com/company/orange-virtual-global-solutions/
Syncious Systems Pvt Ltd,Startup,,15,https://www.linkedin.com/company/syncious-systems/
Neural Defend,Startup,,15,https://www.linkedin.com/company/neural-defend/
The Fashion OS - Powered by Lal10,Startup,,15,https://www.linkedin.com/company/the-fashion-os--powered-by-lal10/
HawkAItrack Technologies LLP,Startup,,15,https://www.linkedin.com/company/hawkaitrack-technologies-llp/
Vibencode Private Limited,Startup,,15,https://www.linkedin.com/company/vibencode/
FriendsLearn Pvt Ltd,Startup,,15,https://www.linkedin.com/company/friendslearn/
BuzzClan India,Startup,,15,https://www.linkedin.com/company/buzzclan/
GrowQR Agentic AI GrowQR Private Limited,Startup,,15,https://www.linkedin.com/company/growqr-agentic-ai-growqr/
Daten & Wissen Pvt Ltd,Startup,,15,https://www.linkedin.com/company/daten--wissen/
Kriyam.ai GEOGO,Startup,,15,https://www.linkedin.com/company/kriyamai-geogo/
Embedr,Startup,,15,https://www.linkedin.com/company/embedr/
TensorGo Software Pvt Ltd,Startup,,15,https://www.linkedin.com/company/tensorgo-software/
Izzki Tech Solutions Pvt Ltd,Startup,,15,https://www.linkedin.com/company/izzki-tech-solutions/
Health Gennie,Startup,,15,https://www.linkedin.com/company/health-gennie/
OrcaSheets Technologies Pvt Ltd,Startup,,15,https://www.linkedin.com/company/orcasheets-technologies/
Medvolt Tech Private Limited,Startup,,15,https://www.linkedin.com/company/medvolt-tech/
RoadVision AI,Startup,,15,https://www.linkedin.com/company/roadvision-ai/
AutoBIQ,Startup,,15,https://www.linkedin.com/company/autobiq/
Skoop,Startup,,15,https://www.linkedin.com/company/skoop/
Ekam Internet LLP,Startup,,15,https://www.linkedin.com/company/ekam-internet-llp/
OPC HUB India,Corporate,Domestic,15,https://www.linkedin.com/company/opc-hub/
Platione Solutions Pvt Ltd,Startup,,15,https://www.linkedin.com/company/platione-solutions/
Felamity Technologies LLP,Startup,,15,https://www.linkedin.com/company/felamity-technologies-llp/
ADHRITH AI INDIA R&D Pvt Ltd,Startup,,15,https://www.linkedin.com/company/adhrith-ai-india-rd/
Mira AI Think Pvt Ltd,Startup,,15,https://www.linkedin.com/company/mira-ai-think/
Vikrantum AI Pvt Ltd,Startup,,15,https://www.linkedin.com/company/vikrantum-ai/
Codemate AI,Startup,,15,https://www.linkedin.com/company/codemate-ai/
Project Genesis AI Labs,Startup,,15,https://www.linkedin.com/company/project-genesis-ai-labs/
SimpliFin.ai,Startup,,15,https://www.linkedin.com/company/simplifinai/
Foreclose AI,Startup,,15,https://www.linkedin.com/company/foreclose-ai/
Blackcoat Legaltech Private Limited,Startup,,15,https://www.linkedin.com/company/blackcoat-legaltech/
Kalvium,Startup,,15,https://www.linkedin.com/company/kalvium/
Modern village future innovations,Startup,,15,https://www.linkedin.com/company/modern-village-future-innovations/
DeskTrack,Startup,,15,https://www.linkedin.com/company/desktrack/
Nxgsecure Solutions Pvt Ltd,Startup,,15,https://www.linkedin.com/company/nxgsecure-solutions/
Thrico by PulsePlay Digital,Startup,,15,https://www.linkedin.com/company/thrico-by-pulseplay-digital/
Ravit Technologies Pvt Ltd,Startup,,15,https://www.linkedin.com/company/ravit-technologies/
DATASAMUDRA,Startup,,15,https://www.linkedin.com/company/datasamudra/
CyberMitra.ai,Startup,,15,https://www.linkedin.com/company/cybermitraai/
EASE MY AI PVT LTD,Startup,,15,https://www.linkedin.com/company/ease-my-ai/
SagurIT Technologies Private Limited,Startup,,15,https://www.linkedin.com/company/sagurit-technologies/
ManufApp,Startup,,15,https://www.linkedin.com/company/manufapp/
Fashdeck AI Private Limited,Startup,,15,https://www.linkedin.com/company/fashdeck-ai/
Acube AI,Startup,,15,https://www.linkedin.com/company/acube-ai/
Koonj AI,Startup,,15,https://www.linkedin.com/company/koonj-ai/
Edufusion Ventures Pvt Ltd,Startup,,15,https://www.linkedin.com/company/edufusion-ventures/
Neurema,Startup,,15,https://www.linkedin.com/company/neurema/
enestock private limited,Startup,,15,https://www.linkedin.com/company/enestock/
Veritos Infosolutions Pvt Ltd,Startup,,15,https://www.linkedin.com/company/veritos-infosolutions/
Puch AI,Startup,,15,https://www.linkedin.com/company/puch-ai/
LetsAI Solutions Pvt Ltd,Startup,,15,https://www.linkedin.com/company/letsai-solutions/
BUWCH LIFESTYLES AND MANAGEMENT PRIVATE LIMITED,Startup,,15,https://www.linkedin.com/company/buwch-lifestyles-and-management/
INDIAN INSTITUTE OF TECHNOLOGY JAMMU,Startup,,15,https://www.linkedin.com/company/indian-institute-of-technology-jammu/
Smartters,Startup,,15,https://www.linkedin.com/company/smartters/
Gradelab,Startup,,15,https://www.linkedin.com/company/gradelab/
Tryzent Technologies Private Limited,Startup,,15,https://www.linkedin.com/company/tryzent-technologies/
Zephara AI,Startup,,15,https://www.linkedin.com/company/zephara-ai/
Curvo AI,Startup,,15,https://www.linkedin.com/company/curvo-ai/
UnleashX,Startup,,15,https://www.linkedin.com/company/unleashx/
Querygen,Startup,,15,https://www.linkedin.com/company/querygen/
GRAG AI FACTORY,Startup,,15,https://www.linkedin.com/company/grag-ai-factory/
Carer Healthcare AI Pvt Ltd,Startup,,15,https://www.linkedin.com/company/carer-healthcare-ai/
Katidhan Tech Pvt Ltd,Startup,,15,https://www.linkedin.com/company/katidhan-tech/
Olbrain Labs,Startup,,15,https://www.linkedin.com/company/olbrain-labs/
Insigteye.Ai,Startup,,15,https://www.linkedin.com/company/insigteyeai/
Girikon.AI,Startup,,15,https://www.linkedin.com/company/girikonai/
STEMpedia,Startup,,15,https://www.linkedin.com/company/stempedia/
Simplita AI Technologies Pvt Ltd,Startup,,15,https://www.linkedin.com/company/simplita-ai-technologies/
Hack2skill,Startup,,15,https://www.linkedin.com/company/hack2skill/
Proxgy,Startup,,15,https://www.linkedin.com/company/proxgy/
Antino,Startup,,15,https://www.linkedin.com/company/antino/
Ednectar,Startup,,15,https://www.linkedin.com/company/ednectar/
EDREVEL,Startup,,15,https://www.linkedin.com/company/edrevel/
NeuralEDGE,Startup,,15,https://www.linkedin.com/company/neuraledge/
Ello.AI,Startup,,15,https://www.linkedin.com/company/elloai/
Quanta AI Labs,Startup,,15,https://www.linkedin.com/company/quanta-ai-labs/
AIVEda,Startup,,15,https://www.linkedin.com/company/aiveda/
Techymed Ai,Startup,,15,https://www.linkedin.com/company/techymed-ai/
STEMBOTIX,Startup,,15,https://www.linkedin.com/company/stembotix/
DesiCrew Solutions,Startup,,15,https://www.linkedin.com/company/desicrew/
Grovio AI,Startup,,15,https://www.linkedin.com/company/grovio-ai/
Jivi AI,Startup,,15,https://www.linkedin.com/company/jivi-ai/
DueDraft.ai,Startup,,15,https://www.linkedin.com/company/duedraftai/
Fitnastic Health pvt ltd,Startup,,15,https://www.linkedin.com/company/fitnastic-health/
Movibase Platform Private Limited,Startup,,15,https://www.linkedin.com/company/movibase-platform/
AXL Infotech Pvt Ltd,Startup,,15,https://www.linkedin.com/company/axl-infotech/
Growth Jockey Pvt Ltd,Startup,,15,https://www.linkedin.com/company/growth-jockey/
Kritdhi AI,Startup,,15,https://www.linkedin.com/company/kritdhi-ai/
Spark Connect,Startup,,15,https://www.linkedin.com/company/spark-connect/
Gupshup Technology India Pvt Ltd,Startup,,15,https://www.linkedin.com/company/gupshup-technology-india/
Alertis PVT LTD,Startup,,15,https://www.linkedin.com/company/alertis/
Presear Softwares PVT LTD,Startup,,15,https://www.linkedin.com/company/presear-softwares/
Vasitum Inc,Startup,,15,https://www.linkedin.com/company/vasitum/
Onelogica,Startup,,15,https://www.linkedin.com/company/onelogica/
Omelo - AI for Animal Health,Startup,,15,https://www.linkedin.com/company/omelo--ai-for-animal-health/
GTMvantage Technologies Private Limited,Startup,,15,https://www.linkedin.com/company/gtmvantage-technologies/
Coral Innovations Pvt Ltd Bharat Smart Services,Startup,,15,https://www.linkedin.com/company/coral-innovations-pvt-ltd-bharat-smart/
BigOHealth,Startup,,15,https://www.linkedin.com/company/bigohealth/
MarcViews Networks Inc,Startup,,15,https://www.linkedin.com/company/marcviews-networks/
Exosphere,Startup,,15,https://www.linkedin.com/company/exosphere/
Deepchecks,Startup,,15,https://www.linkedin.com/company/deepchecks/
Newronai Technologies Pvt Ltd,Startup,,15,https://www.linkedin.com/company/newronai-technologies/
Truverizen Technologies Pvt Ltd,Startup,,15,https://www.linkedin.com/company/truverizen-technologies/
OmniCard,Startup,,15,https://www.linkedin.com/company/omnicard/
Reblue Ventures Pvt Ltd,Startup,,15,https://www.linkedin.com/company/reblue-ventures/
Infinite Uptime India Private Limited,Startup,,15,https://www.linkedin.com/company/infinite-uptime-india/
VivaMama,Startup,,15,https://www.linkedin.com/company/vivamama/
NexusVoid AI,Startup,,15,https://www.linkedin.com/company/nexusvoid-ai/
EmergX,Startup,,15,https://www.linkedin.com/company/emergx/
Satyananda Technologies Pvt ltd ambaram.ai,Startup,,15,https://www.linkedin.com/company/satyananda-technologies-pvt-ltd-ambaramai/
TaxbotGPT AI Pvt Ltd,Startup,,15,https://www.linkedin.com/company/taxbotgpt-ai/
I HUB RESEARCH AND ROBOTICS PRIVATE LIMITED,Startup,,15,https://www.linkedin.com/company/i-hub-research-and-robotics/
Secondbrain.AI Pvt Ltd,Startup,,15,https://www.linkedin.com/company/secondbrainai/
Dashverse India Private Limited,Startup,,15,https://www.linkedin.com/company/dashverse-india/
Synergylabs Technology Private Limited,Startup,,15,https://www.linkedin.com/company/synergylabs-technology/
HattaKatta Tech,Startup,,15,https://www.linkedin.com/company/hattakatta-tech/
CORAA AI,Startup,,15,https://www.linkedin.com/company/coraa-ai/
Vexoo Labs,Startup,,15,https://www.linkedin.com/company/vexoo-labs/
EmvoAI Labs Private Limited,Startup,,15,https://www.linkedin.com/company/emvoai-labs/
Consint Solutions Private Limited,Startup,,15,https://www.linkedin.com/company/consint-solutions/
Waisl Limited,Corporate,Domestic,15,https://www.linkedin.com/company/waisl-limited/
Immerso Innovation Venture Private Limited,Corporate,Domestic,15,https://www.linkedin.com/company/immerso-innovation-venture/
Mine2,Startup,,15,https://www.linkedin.com/company/mine2/
Agniware,Startup,,15,https://www.linkedin.com/company/agniware/
THINK MOD AI,Startup,,15,https://www.linkedin.com/company/think-mod-ai/
Prajva Plus First Trained Ai of Ayurveda,Startup,,15,https://www.linkedin.com/company/prajva-plus-first-trained-ai-of-ayurveda/
Glad Systems and Technologies Pvt Ltd,Startup,,15,https://www.linkedin.com/company/glad-systems-and-technologies/
Idea Jewellery Ai,Startup,,15,https://www.linkedin.com/company/idea-jewellery-ai/
Solution Buddy,Startup,,15,https://www.linkedin.com/company/solution-buddy/
Medha Robotics Private Limited,Startup,,15,https://www.linkedin.com/company/medha-robotics/
Peush Bery,Startup,,15,https://www.linkedin.com/company/peush-bery/
Now Technologies Pvt Ltd,Startup,,15,https://www.linkedin.com/company/now-technologies/
Chakravue Ai Private Limited,Startup,,15,https://www.linkedin.com/company/chakravue-ai/
Vidla AI,Startup,,15,https://www.linkedin.com/company/vidla-ai/
National Health Authority,Government,,15,https://www.linkedin.com/company/national-health-authority/
Utho Platforms Private Limited,Corporate,Domestic,15,https://www.linkedin.com/company/utho-platforms/
Acidaes Solutions Private Limited,Startup,,15,https://www.linkedin.com/company/acidaes-solutions/
AIOT Foundry Private Limited,Corporate,Domestic,15,https://www.linkedin.com/company/aiot-foundry/
Clean Water Generator Private Limited,Corporate,Domestic,15,https://www.linkedin.com/company/clean-water-generator/
Autogradex Assessments Private Limited,Startup,,15,https://www.linkedin.com/company/autogradex-assessments/
Combat Robotics India Private Limited,Startup,,15,https://www.linkedin.com/company/combat-robotics-india/
neurIOT Labs,Startup,,15,https://www.linkedin.com/company/neuriot-labs/
intute-ai technologies opc pvt ltd,Startup,,15,https://www.linkedin.com/company/intuteai-technologies-opc/
Coppermax Technologies LLP,Startup,,15,https://www.linkedin.com/company/coppermax-technologies-llp/
Noveum.ai,Startup,,15,https://www.linkedin.com/company/noveumai/
Responsible AI Labs Private Limited,Startup,,15,https://www.linkedin.com/company/responsible-ai-labs/
Passionfruit,Startup,,15,https://www.linkedin.com/company/passionfruit/
Unpod AI,Startup,,15,https://www.linkedin.com/company/unpod-ai/
Mulltiply Tech India Private Limited,Startup,,15,https://www.linkedin.com/company/mulltiply-tech-india/
Prospectoo,Startup,,15,https://www.linkedin.com/company/prospectoo/
hoolo.ai,Startup,,15,https://www.linkedin.com/company/hooloai/
Phinite.ai,Startup,,15,https://www.linkedin.com/company/phiniteai/
M/S Eye Vision Audio Visual,Corporate,Domestic,15,https://www.linkedin.com/company/ms-eye-vision-audio-visual/
Voxaura Labs Private Limited,Startup,,15,https://www.linkedin.com/company/voxaura-labs/
Apicon Solutions Private Limited,Startup,,15,https://www.linkedin.com/company/apicon-solutions/
W3villa Technologies Pvt Ltd,Corporate,Domestic,15,https://www.linkedin.com/company/w3villa-technologies/
TechBeacon Solutions Private Limited,Startup,,15,https://www.linkedin.com/company/techbeacon-solutions/
George P Johnson Event Marketing Private Limited,Corporate,Domestic,15,https://www.linkedin.com/company/george-p-johnson-event-marketing/
Ai Unika technologies Private Limited,Startup,,15,https://www.linkedin.com/company/ai-unika-technologies/
Manavritti Solutions Private Limited,Startup,,15,https://www.linkedin.com/company/manavritti-solutions/
Nexoratrading Ventures Pvt Ltd,Startup,,15,https://www.linkedin.com/company/nexoratrading-ventures/
Navx Advisors LLP,Startup,,15,https://www.linkedin.com/company/navx-advisors-llp/
MPYG Technologies Private Limited,Startup,,15,https://www.linkedin.com/company/mpyg-technologies/
Mindweave Transformers Private Limited,Startup,,15,https://www.linkedin.com/company/mindweave-transformers/
Meta Igentico LLP,Startup,,15,https://www.linkedin.com/company/meta-igentico-llp/
Indus AI Private Limited,Startup,,15,https://www.linkedin.com/company/indus-ai/
Trismus Healthcare Technologies Private Limited,Startup,,15,https://www.linkedin.com/company/trismus-healthcare-technologies/
IVC Ventures International Innovation Pvt Ltd,Startup,,15,https://www.linkedin.com/company/ivc-ventures-international-innovation/
Codefork Technologies pvt ltd,Startup,,15,https://www.linkedin.com/company/codefork-technologies/
NOVELIO TECHNOLOGIES PVT LTD,Startup,,15,https://www.linkedin.com/company/novelio-technologies/
Indian Institute Of Tropical Meteorology,Government,,15,https://www.linkedin.com/company/indian-institute-of-tropical-meteorology/
Ritnand Balved Education Foundation,Academia,,15,https://www.linkedin.com/company/ritnand-balved-education-foundation/
Kestone Integrated Marketing Services,Corporate,Domestic,15,https://www.linkedin.com/company/kestone-integrated-marketing/
FIA Technology Services Pvt Ltd,Corporate,Domestic,15,https://www.linkedin.com/company/fia-technology-services/
Apnatime Tech Private Limited,Corporate,Domestic,15,https://www.linkedin.com/company/apnatime-tech/
Evvolv Transformations Private Limited,Startup,,15,https://www.linkedin.com/company/evvolv-transformations/
Neoniche Integrated Solutions Private Limited,Corporate,Domestic,15,https://www.linkedin.com/company/neoniche-integrated-solutions/
Nauvata Energy Transition Enterprise Private,Corporate,Domestic,15,https://www.linkedin.com/company/nauvata-energy-transition-enterprise-private/
Interviewbit Software Services Pvt Ltd,Academia,,15,https://www.linkedin.com/company/interviewbit-software-services/
Concretio Holistic Software Services Private Limited,Corporate,Domestic,15,https://www.linkedin.com/company/concretio-holistic-software-services/
Reliance Foundation Institution Of Education And Research,Startup,,15,https://www.linkedin.com/company/reliance-foundation-institution-of-education-and-research/
Meraki Communications Private Limited,Corporate,Domestic,15,https://www.linkedin.com/company/meraki-communications/
Nopaperforms Solutions Limited,Corporate,Domestic,15,https://www.linkedin.com/company/nopaperforms-solutions-limited/
Eyantra Ventures Limited,Corporate,Domestic,15,https://www.linkedin.com/company/eyantra-ventures-limited/
IFuturix AI Labs Private Limited,Corporate,Domestic,15,https://www.linkedin.com/company/ifuturix-ai-labs/
n9m AI VENTURES,Corporate,Domestic,15,https://www.linkedin.com/company/n9m-ai-ventures/
Explurger,Corporate,Domestic,15,https://www.linkedin.com/company/explurger/